conn_hash	stmt_id	exec_id	exec_time	sql_type	exe_status	db_ip	client_ip	client_host	app_name	db_user	sql_hash	from_tbs	select_cols	sql_stmt	stmt_bind_vars
conn_5528627409419412851	968	5	2024-11-14 20:53:59	DELETE	FAILURE	192.168.172.6	10.0.196.176	host_71	app_1	user_4	hash_11813092701131086134	tbs_1	N/A	DELETE FROM table_4 WHERE age > 43 AND salary < 6739 AND salary < 6739	bind_vars_example
conn_18229062850874598778	26	8	2024-11-14 20:53:59	SELECT	SUCCESS	192.168.198.184	10.0.2.17	host_79	app_3	user_7	hash_2687462682397684673	tbs_2	salary, name	SELECT id, id FROM table_2 WHERE department = 'Engineering' AND name LIKE 'C%'	bind_vars_example
conn_2448127039613524764	908	7	2024-11-14 20:53:59	SELECT	FAILURE	192.168.218.214	10.0.174.133	host_98	app_3	user_5	hash_3993477385308128564	tbs_4	id, department, age, department	SELECT age, salary, age, id FROM table_1 WHERE name LIKE 'B%' AND name LIKE 'B%'	bind_vars_example
conn_188937009694001077	834	6	2024-11-14 20:53:59	SELECT	SUCCESS	192.168.198.232	10.0.240.158	host_17	app_4	user_5	hash_2524805637710660557	tbs_4	salary, department, age, id	SELECT name, name FROM table_3 WHERE name LIKE 'A%' AND department = 'HR'	bind_vars_example
conn_15630111579513468674	815	6	2024-11-14 20:53:59	DELETE	FAILURE	192.168.121.184	10.0.69.62	host_46	app_3	user_9	hash_17115451938373443019	tbs_1	N/A	DELETE FROM table_2 WHERE name LIKE 'C%'	bind_vars_example
conn_10912890233961036986	675	1	2024-11-14 20:53:59	INSERT	FAILURE	192.168.140.185	10.0.23.138	host_97	app_2	user_8	hash_11983650920266383948	tbs_4	N/A	INSERT INTO table_1 (id, name, age, salary) VALUES (69, 'John Doe', 37, 8544)	bind_vars_example
conn_11446347556540139846	764	5	2024-11-14 20:53:59	SELECT	FAILURE	192.168.12.189	10.0.158.144	host_60	app_4	user_5	hash_5327081155362007143	tbs_4	id, department, name	SELECT name FROM table_3 WHERE name LIKE 'C%'	bind_vars_example
conn_3347835399822543692	540	10	2024-11-14 20:53:59	UPDATE	SUCCESS	192.168.183.147	10.0.147.231	host_65	app_2	user_8	hash_3918704043994198368	tbs_3	N/A	UPDATE table_2 SET salary = 6400 WHERE age > 35 AND age > 35	bind_vars_example
conn_7142231393098793902	866	2	2024-11-14 20:53:59	SELECT	FAILURE	192.168.215.227	10.0.198.94	host_52	app_3	user_2	hash_6192162151632722794	tbs_3	salary, name, department, age	SELECT department, department, salary, age FROM table_3 WHERE name LIKE 'C%' AND age > 44	bind_vars_example
conn_9867832418459792251	109	7	2024-11-14 20:53:59	DELETE	FAILURE	192.168.58.166	10.0.191.136	host_47	app_3	user_3	hash_14289442386313736085	tbs_2	N/A	DELETE FROM table_2 WHERE department = 'Sales'	bind_vars_example
conn_11056503617073408956	753	2	2024-11-14 20:53:59	DELETE	FAILURE	192.168.35.152	10.0.229.246	host_70	app_4	user_9	hash_5229534522252729544	tbs_2	N/A	DELETE FROM table_3 WHERE department = 'Engineering' AND name LIKE 'A%' AND age > 39	bind_vars_example
conn_892341812048976184	872	4	2024-11-14 20:53:59	DELETE	FAILURE	192.168.14.11	10.0.136.167	host_41	app_3	user_6	hash_10160191727507126074	tbs_2	N/A	DELETE FROM table_2 WHERE salary < 3235 AND salary < 3235 AND age > 31	bind_vars_example
conn_5529454220000871326	416	7	2024-11-14 20:53:59	SELECT	SUCCESS	192.168.95.25	10.0.110.150	host_56	app_3	user_7	hash_2215271475846452905	tbs_4	age	SELECT id FROM table_3 WHERE salary < 3466 AND salary < 3466 AND age > 28	bind_vars_example
conn_1817534240619149426	22	7	2024-11-14 20:53:59	DELETE	SUCCESS	192.168.59.178	10.0.114.0	host_52	app_2	user_9	hash_3513672142205792018	tbs_4	N/A	DELETE FROM table_4 WHERE age > 31 AND department = 'Engineering' AND name LIKE 'C%'	bind_vars_example
conn_7545743309401017887	580	10	2024-11-14 20:53:59	INSERT	FAILURE	192.168.12.25	10.0.23.26	host_23	app_1	user_6	hash_18395464452665118383	tbs_2	N/A	INSERT INTO table_4 (id, name, age, salary) VALUES (9, 'John Doe', 48, 3483)	bind_vars_example
conn_6340877832578077885	968	6	2024-11-14 20:53:59	INSERT	SUCCESS	192.168.122.77	10.0.211.156	host_94	app_3	user_2	hash_14849486891117390131	tbs_3	N/A	INSERT INTO table_4 (id, name, age, salary) VALUES (77, 'John Doe', 43, 3256)	bind_vars_example
conn_1557677204931568184	313	1	2024-11-14 20:53:59	SELECT	SUCCESS	192.168.31.237	10.0.222.244	host_95	app_2	user_2	hash_4093383787880211435	tbs_3	salary, name, age, salary	SELECT age, department, age, name FROM table_2 WHERE salary < 4854 AND department = 'HR'	bind_vars_example
conn_15049859679491617495	129	1	2024-11-14 20:53:59	SELECT	SUCCESS	192.168.138.3	10.0.222.236	host_70	app_3	user_5	hash_11246662737407504266	tbs_4	name	SELECT age FROM table_4 WHERE department = 'Engineering' AND age > 20	bind_vars_example
conn_14591129825799978847	882	6	2024-11-14 20:53:59	INSERT	SUCCESS	192.168.245.3	10.0.152.40	host_26	app_1	user_2	hash_11854624189053532824	tbs_4	N/A	INSERT INTO table_3 (id, name, age, salary) VALUES (75, 'John Doe', 34, 9103)	bind_vars_example
conn_1001982963711824849	205	1	2024-11-14 20:53:59	DELETE	SUCCESS	192.168.26.175	10.0.228.27	host_4	app_3	user_2	hash_12852292513349688094	tbs_4	N/A	DELETE FROM table_3 WHERE department = 'HR'	bind_vars_example
conn_2863125847503331652	267	7	2024-11-14 20:53:59	DELETE	FAILURE	192.168.181.16	10.0.96.18	host_20	app_3	user_2	hash_77779909897644987	tbs_3	N/A	DELETE FROM table_4 WHERE department = 'Engineering' AND name LIKE 'C%' AND department = 'Engineering'	bind_vars_example
conn_6810872924894328775	232	1	2024-11-14 20:53:59	UPDATE	FAILURE	192.168.13.92	10.0.217.187	host_86	app_3	user_2	hash_14424013025691431526	tbs_4	N/A	UPDATE table_3 SET salary = 4794 WHERE name LIKE 'B%' AND salary < 3298 AND age > 36	bind_vars_example
conn_9204084101266812330	565	7	2024-11-14 20:53:59	UPDATE	FAILURE	192.168.170.245	10.0.27.112	host_52	app_4	user_4	hash_14598535985164148555	tbs_2	N/A	UPDATE table_1 SET salary = 6766 WHERE salary < 3830 AND salary < 3830 AND age > 34	bind_vars_example
conn_6547267279836605739	636	9	2024-11-14 20:53:59	UPDATE	FAILURE	192.168.157.204	10.0.210.41	host_87	app_2	user_3	hash_12454522677167593764	tbs_1	N/A	UPDATE table_2 SET salary = 8954 WHERE name LIKE 'B%'	bind_vars_example
conn_15075168688350885751	946	8	2024-11-14 20:53:59	INSERT	FAILURE	192.168.168.20	10.0.204.177	host_57	app_3	user_3	hash_17750487358671035431	tbs_1	N/A	INSERT INTO table_4 (id, name, age, salary) VALUES (26, 'John Doe', 35, 9026)	bind_vars_example
conn_17266132590617240931	225	8	2024-11-14 20:53:59	DELETE	SUCCESS	192.168.34.229	10.0.230.19	host_55	app_1	user_7	hash_13460193291137863394	tbs_3	N/A	DELETE FROM table_1 WHERE age > 36 AND name LIKE 'B%' AND name LIKE 'B%'	bind_vars_example
conn_10946742913267584277	185	9	2024-11-14 20:53:59	UPDATE	FAILURE	192.168.253.215	10.0.131.47	host_95	app_1	user_6	hash_10098044723306505092	tbs_4	N/A	UPDATE table_4 SET salary = 3202 WHERE name LIKE 'B%'	bind_vars_example
conn_10524237135806521363	441	6	2024-11-14 20:53:59	UPDATE	FAILURE	192.168.228.32	10.0.194.52	host_17	app_1	user_3	hash_10086969605376310267	tbs_1	N/A	UPDATE table_3 SET salary = 8591 WHERE name LIKE 'A%'	bind_vars_example
conn_199234176403122514	341	8	2024-11-14 20:53:59	SELECT	FAILURE	192.168.182.22	10.0.49.220	host_68	app_1	user_1	hash_4751494840341779132	tbs_3	department, id, id, id	SELECT name, department FROM table_4 WHERE age > 43	bind_vars_example
conn_1379142797962843484	954	9	2024-11-14 20:53:59	SELECT	FAILURE	192.168.6.211	10.0.161.154	host_5	app_4	user_3	hash_17636912040794175690	tbs_3	department, department	SELECT name FROM table_1 WHERE name LIKE 'A%' AND age > 46	bind_vars_example
conn_1892089588549113750	46	4	2024-11-14 20:53:59	INSERT	FAILURE	192.168.77.89	10.0.121.220	host_13	app_1	user_2	hash_12219708607072655175	tbs_2	N/A	INSERT INTO table_4 (id, name, age, salary) VALUES (49, 'John Doe', 29, 8498)	bind_vars_example
conn_2403034567231126963	366	4	2024-11-14 20:53:59	DELETE	SUCCESS	192.168.154.210	10.0.115.227	host_37	app_3	user_9	hash_4987265430984021519	tbs_3	N/A	DELETE FROM table_1 WHERE age > 36 AND age > 36 AND age > 36	bind_vars_example
conn_1109690353838386570	352	1	2024-11-14 20:53:59	DELETE	SUCCESS	192.168.5.16	10.0.22.56	host_2	app_1	user_7	hash_785832785279646892	tbs_4	N/A	DELETE FROM table_2 WHERE department = 'Engineering' AND name LIKE 'B%'	bind_vars_example
conn_1440971226711763172	884	3	2024-11-14 20:53:59	UPDATE	FAILURE	192.168.20.170	10.0.165.34	host_47	app_1	user_8	hash_13193218760849001696	tbs_2	N/A	UPDATE table_2 SET salary = 5127 WHERE department = 'Sales' AND salary < 9290	bind_vars_example
conn_3221353629958269458	183	7	2024-11-14 20:53:59	UPDATE	FAILURE	192.168.123.164	10.0.134.111	host_4	app_1	user_4	hash_17086389300343507280	tbs_2	N/A	UPDATE table_4 SET salary = 8772 WHERE name LIKE 'B%'	bind_vars_example
conn_17697108166941367420	279	8	2024-11-14 20:53:59	UPDATE	SUCCESS	192.168.155.30	10.0.24.111	host_40	app_4	user_1	hash_2636978570621789409	tbs_2	N/A	UPDATE table_2 SET salary = 9073 WHERE name LIKE 'C%' AND department = 'Engineering' AND salary < 3831	bind_vars_example
conn_12197394125149544882	244	5	2024-11-14 20:53:59	DELETE	SUCCESS	192.168.219.87	10.0.117.252	host_86	app_1	user_5	hash_12055216567774026871	tbs_3	N/A	DELETE FROM table_1 WHERE name LIKE 'A%' AND name LIKE 'A%'	bind_vars_example
conn_12562351690379899594	713	6	2024-11-14 20:53:59	INSERT	FAILURE	192.168.238.19	10.0.56.123	host_44	app_3	user_4	hash_5805290658332248453	tbs_4	N/A	INSERT INTO table_2 (id, name, age, salary) VALUES (7, 'John Doe', 38, 9428)	bind_vars_example
conn_1826528391798627275	640	9	2024-11-14 20:53:59	DELETE	SUCCESS	192.168.245.215	10.0.5.61	host_26	app_2	user_2	hash_14723885416699071793	tbs_1	N/A	DELETE FROM table_3 WHERE name LIKE 'C%' AND age > 21 AND name LIKE 'C%'	bind_vars_example
conn_17719056945131216773	491	5	2024-11-14 20:53:59	UPDATE	FAILURE	192.168.172.94	10.0.51.22	host_28	app_4	user_5	hash_1048731068146410792	tbs_4	N/A	UPDATE table_3 SET salary = 8026 WHERE department = 'Engineering' AND department = 'Engineering'	bind_vars_example
conn_13928524520775537791	765	8	2024-11-14 20:53:59	INSERT	SUCCESS	192.168.161.51	10.0.248.67	host_19	app_2	user_9	hash_13160992535177860765	tbs_2	N/A	INSERT INTO table_3 (id, name, age, salary) VALUES (10, 'John Doe', 39, 5042)	bind_vars_example
conn_4749095501258382372	438	6	2024-11-14 20:53:59	DELETE	SUCCESS	192.168.124.92	10.0.192.232	host_26	app_2	user_7	hash_3850378863023068336	tbs_1	N/A	DELETE FROM table_4 WHERE name LIKE 'A%' AND name LIKE 'A%'	bind_vars_example
conn_11359070946484741751	902	3	2024-11-14 20:53:59	UPDATE	FAILURE	192.168.235.9	10.0.238.233	host_23	app_4	user_7	hash_797718849272861090	tbs_3	N/A	UPDATE table_1 SET salary = 4060 WHERE age > 22 AND name LIKE 'B%' AND age > 22	bind_vars_example
conn_1645564303413003212	28	9	2024-11-14 20:53:59	UPDATE	FAILURE	192.168.30.213	10.0.145.86	host_86	app_4	user_5	hash_13991137868610933275	tbs_1	N/A	UPDATE table_4 SET salary = 9518 WHERE salary < 8552 AND salary < 8552 AND department = 'Engineering'	bind_vars_example
conn_1591005919700149416	715	7	2024-11-14 20:53:59	INSERT	FAILURE	192.168.129.93	10.0.189.57	host_8	app_1	user_4	hash_5498521587411653962	tbs_4	N/A	INSERT INTO table_1 (id, name, age, salary) VALUES (46, 'John Doe', 49, 3050)	bind_vars_example
conn_6640753199268256709	29	3	2024-11-14 20:53:59	SELECT	SUCCESS	192.168.68.252	10.0.190.235	host_14	app_2	user_4	hash_9426244547585529994	tbs_1	age, salary	SELECT salary FROM table_3 WHERE salary < 5400	bind_vars_example
conn_8425157004585191279	946	9	2024-11-14 20:53:59	SELECT	FAILURE	192.168.186.108	10.0.202.30	host_84	app_2	user_4	hash_4734820496560055299	tbs_4	id, age, salary, age	SELECT department, department FROM table_2 WHERE department = 'HR' AND age > 41	bind_vars_example
conn_16126029196074640294	433	10	2024-11-14 20:53:59	INSERT	FAILURE	192.168.214.241	10.0.65.82	host_95	app_4	user_4	hash_6834234760890316959	tbs_4	N/A	INSERT INTO table_1 (id, name, age, salary) VALUES (63, 'John Doe', 46, 6905)	bind_vars_example
conn_618528363258435157	330	10	2024-11-14 20:53:59	DELETE	SUCCESS	192.168.196.213	10.0.29.93	host_7	app_3	user_1	hash_16245203893145828257	tbs_3	N/A	DELETE FROM table_4 WHERE department = 'HR' AND age > 27	bind_vars_example
conn_10338602426889409014	373	7	2024-11-14 20:53:59	SELECT	FAILURE	192.168.133.195	10.0.125.95	host_50	app_3	user_2	hash_1122545190743434431	tbs_4	id, age	SELECT department FROM table_3 WHERE name LIKE 'A%' AND salary < 6267 AND salary < 6267	bind_vars_example
conn_13024504790954379037	917	3	2024-11-14 20:53:59	SELECT	FAILURE	192.168.47.128	10.0.5.156	host_17	app_3	user_8	hash_17234027599823009905	tbs_3	name, age, department, salary	SELECT salary FROM table_3 WHERE age > 23	bind_vars_example
conn_361608436110023594	532	2	2024-11-14 20:53:59	INSERT	SUCCESS	192.168.228.13	10.0.136.13	host_83	app_3	user_6	hash_6959887092979381901	tbs_1	N/A	INSERT INTO table_1 (id, name, age, salary) VALUES (48, 'John Doe', 30, 9692)	bind_vars_example
conn_3149322942790717174	763	3	2024-11-14 20:53:59	UPDATE	FAILURE	192.168.202.200	10.0.188.43	host_24	app_3	user_2	hash_11877160550437413131	tbs_3	N/A	UPDATE table_2 SET salary = 9046 WHERE age > 21 AND department = 'Engineering' AND department = 'Engineering'	bind_vars_example
conn_11400101461852147801	785	9	2024-11-14 20:53:59	INSERT	SUCCESS	192.168.87.107	10.0.139.229	host_71	app_2	user_3	hash_5481225251697306696	tbs_3	N/A	INSERT INTO table_2 (id, name, age, salary) VALUES (21, 'John Doe', 20, 5311)	bind_vars_example
conn_12310731854213610283	215	4	2024-11-14 20:53:59	SELECT	FAILURE	192.168.20.75	10.0.187.21	host_77	app_4	user_5	hash_14041737152135594253	tbs_2	age, id	SELECT name, name, name FROM table_1 WHERE age > 26 AND salary < 3975 AND salary < 3975	bind_vars_example
conn_3642376786559970706	675	4	2024-11-14 20:53:59	DELETE	SUCCESS	192.168.221.28	10.0.30.145	host_18	app_3	user_1	hash_1750336515864124772	tbs_3	N/A	DELETE FROM table_1 WHERE age > 49	bind_vars_example
conn_15464252830213786414	246	1	2024-11-14 20:53:59	DELETE	SUCCESS	192.168.209.168	10.0.54.136	host_70	app_2	user_6	hash_1447971635698539816	tbs_2	N/A	DELETE FROM table_3 WHERE name LIKE 'C%' AND age > 38 AND salary < 7745	bind_vars_example
conn_14325731381859285744	636	5	2024-11-14 20:53:59	SELECT	FAILURE	192.168.33.35	10.0.106.50	host_84	app_3	user_1	hash_6475227122666435958	tbs_3	name, name, name	SELECT age FROM table_3 WHERE age > 22	bind_vars_example
conn_9645404234298705003	355	9	2024-11-14 20:53:59	SELECT	SUCCESS	192.168.164.113	10.0.145.200	host_61	app_4	user_5	hash_16210514529674696131	tbs_4	name, id, salary	SELECT age, id, id, age FROM table_2 WHERE department = 'Sales' AND salary < 7153 AND salary < 7153	bind_vars_example
conn_7219299652948515240	484	8	2024-11-14 20:53:59	INSERT	SUCCESS	192.168.216.148	10.0.6.242	host_69	app_1	user_4	hash_14601623548112004992	tbs_2	N/A	INSERT INTO table_2 (id, name, age, salary) VALUES (52, 'John Doe', 26, 9823)	bind_vars_example
conn_16862338521380758597	37	7	2024-11-14 20:53:59	INSERT	SUCCESS	192.168.247.117	10.0.167.99	host_3	app_3	user_1	hash_1797929729231651963	tbs_4	N/A	INSERT INTO table_1 (id, name, age, salary) VALUES (51, 'John Doe', 22, 3745)	bind_vars_example
conn_18319871315991218059	823	7	2024-11-14 20:53:59	SELECT	FAILURE	192.168.88.95	10.0.251.162	host_32	app_4	user_5	hash_13593629996772683346	tbs_2	department	SELECT id, name, department, id FROM table_3 WHERE salary < 5950	bind_vars_example
conn_11159796588617418310	645	6	2024-11-14 20:53:59	UPDATE	SUCCESS	192.168.50.178	10.0.210.182	host_30	app_4	user_5	hash_11458792364879198357	tbs_1	N/A	UPDATE table_3 SET salary = 9673 WHERE salary < 6510	bind_vars_example
conn_7513337808175819747	1000	6	2024-11-14 20:53:59	INSERT	FAILURE	192.168.76.121	10.0.40.150	host_22	app_3	user_9	hash_13717824706428597653	tbs_3	N/A	INSERT INTO table_2 (id, name, age, salary) VALUES (21, 'John Doe', 36, 7885)	bind_vars_example
conn_16955514808989284279	452	2	2024-11-14 20:53:59	SELECT	FAILURE	192.168.230.195	10.0.67.29	host_91	app_3	user_8	hash_11255145609455450795	tbs_4	age, id	SELECT age, id, department FROM table_3 WHERE age > 36 AND department = 'Engineering'	bind_vars_example
conn_10182851447926753701	86	4	2024-11-14 20:53:59	DELETE	SUCCESS	192.168.223.36	10.0.93.186	host_87	app_3	user_9	hash_13514036841275999849	tbs_3	N/A	DELETE FROM table_1 WHERE age > 22 AND salary < 3343 AND age > 22	bind_vars_example
conn_8672572905416684297	586	5	2024-11-14 20:53:59	INSERT	FAILURE	192.168.11.57	10.0.151.39	host_3	app_2	user_3	hash_5926628824042271295	tbs_2	N/A	INSERT INTO table_4 (id, name, age, salary) VALUES (89, 'John Doe', 36, 7927)	bind_vars_example
conn_7223727943799763085	476	6	2024-11-14 20:53:59	DELETE	SUCCESS	192.168.100.185	10.0.201.97	host_61	app_2	user_7	hash_15779647783236681894	tbs_1	N/A	DELETE FROM table_2 WHERE salary < 9479 AND salary < 9479	bind_vars_example
conn_5679266643069981960	698	4	2024-11-14 20:53:59	UPDATE	FAILURE	192.168.153.217	10.0.185.79	host_94	app_4	user_7	hash_4857266993508831126	tbs_2	N/A	UPDATE table_4 SET salary = 4915 WHERE salary < 4088 AND department = 'Engineering' AND name LIKE 'B%'	bind_vars_example
conn_14276171622467926156	822	10	2024-11-14 20:53:59	INSERT	FAILURE	192.168.104.56	10.0.134.68	host_72	app_1	user_2	hash_984727300958549588	tbs_1	N/A	INSERT INTO table_1 (id, name, age, salary) VALUES (32, 'John Doe', 37, 6349)	bind_vars_example
conn_8995743437556035813	662	10	2024-11-14 20:53:59	DELETE	SUCCESS	192.168.153.49	10.0.50.30	host_16	app_1	user_1	hash_10399980509308036052	tbs_2	N/A	DELETE FROM table_2 WHERE age > 28	bind_vars_example
conn_17437708973487617144	877	10	2024-11-14 20:53:59	UPDATE	FAILURE	192.168.31.60	10.0.83.228	host_65	app_3	user_5	hash_1120420064728343061	tbs_3	N/A	UPDATE table_2 SET salary = 3463 WHERE salary < 3252 AND name LIKE 'B%' AND salary < 3252	bind_vars_example
conn_12453579869863206866	433	10	2024-11-14 20:53:59	INSERT	SUCCESS	192.168.42.29	10.0.11.146	host_73	app_3	user_3	hash_11820641688568928045	tbs_1	N/A	INSERT INTO table_3 (id, name, age, salary) VALUES (18, 'John Doe', 40, 6318)	bind_vars_example
conn_10527097020406392622	348	9	2024-11-14 20:53:59	SELECT	FAILURE	192.168.156.55	10.0.201.193	host_6	app_3	user_3	hash_8346355859365820394	tbs_4	id, name	SELECT age FROM table_2 WHERE age > 46 AND name LIKE 'A%' AND salary < 7052	bind_vars_example
conn_16849458017539851501	857	5	2024-11-14 20:53:59	DELETE	FAILURE	192.168.84.243	10.0.101.12	host_18	app_2	user_7	hash_5227093052981237237	tbs_4	N/A	DELETE FROM table_4 WHERE department = 'Sales' AND department = 'Sales' AND age > 46	bind_vars_example
conn_10088321720215014220	553	4	2024-11-14 20:53:59	DELETE	FAILURE	192.168.14.55	10.0.154.22	host_77	app_2	user_9	hash_13985922085645415897	tbs_1	N/A	DELETE FROM table_3 WHERE age > 20 AND name LIKE 'A%' AND name LIKE 'A%'	bind_vars_example
conn_9662205574956278250	876	8	2024-11-14 20:53:59	DELETE	SUCCESS	192.168.54.75	10.0.97.25	host_4	app_2	user_3	hash_7848142705959132400	tbs_2	N/A	DELETE FROM table_4 WHERE name LIKE 'B%'	bind_vars_example
conn_12306855382335734274	337	9	2024-11-14 20:53:59	UPDATE	SUCCESS	192.168.169.128	10.0.230.161	host_7	app_3	user_1	hash_7964210773794397209	tbs_2	N/A	UPDATE table_2 SET salary = 5147 WHERE age > 39	bind_vars_example
conn_9824464218728628554	503	5	2024-11-14 20:53:59	SELECT	FAILURE	192.168.228.126	10.0.114.128	host_87	app_4	user_9	hash_338865524885766748	tbs_2	name, name, department	SELECT name, id, name, id FROM table_4 WHERE name LIKE 'C%'	bind_vars_example
conn_14093808536390186846	780	10	2024-11-14 20:53:59	UPDATE	SUCCESS	192.168.54.71	10.0.205.205	host_83	app_1	user_1	hash_3410560352356365715	tbs_3	N/A	UPDATE table_4 SET salary = 8601 WHERE department = 'Sales' AND age > 34	bind_vars_example
conn_3864627036018018676	589	1	2024-11-14 20:53:59	DELETE	FAILURE	192.168.137.236	10.0.152.230	host_99	app_3	user_5	hash_6594408281957783858	tbs_1	N/A	DELETE FROM table_4 WHERE name LIKE 'A%' AND salary < 6620 AND salary < 6620	bind_vars_example
conn_6129030868908419846	786	10	2024-11-14 20:53:59	UPDATE	SUCCESS	192.168.229.236	10.0.2.200	host_32	app_4	user_2	hash_12456761176982692666	tbs_4	N/A	UPDATE table_2 SET salary = 7736 WHERE department = 'HR' AND department = 'HR'	bind_vars_example
conn_17391725080085398095	661	9	2024-11-14 20:53:59	DELETE	SUCCESS	192.168.70.202	10.0.77.84	host_77	app_1	user_3	hash_18193523952755241005	tbs_1	N/A	DELETE FROM table_4 WHERE age > 32 AND salary < 4882 AND salary < 4882	bind_vars_example
conn_3497402985993604476	886	10	2024-11-14 20:53:59	SELECT	FAILURE	192.168.125.85	10.0.216.39	host_18	app_3	user_4	hash_17475669576381348243	tbs_2	age, age	SELECT id FROM table_4 WHERE age > 24 AND department = 'Sales'	bind_vars_example
conn_17062655264205728709	245	7	2024-11-14 20:53:59	INSERT	FAILURE	192.168.22.75	10.0.186.198	host_72	app_4	user_8	hash_6136921355004945508	tbs_4	N/A	INSERT INTO table_2 (id, name, age, salary) VALUES (35, 'John Doe', 43, 8043)	bind_vars_example
conn_1811314120130503881	210	2	2024-11-14 20:53:59	INSERT	FAILURE	192.168.175.203	10.0.93.195	host_79	app_3	user_6	hash_1647860020560082099	tbs_4	N/A	INSERT INTO table_3 (id, name, age, salary) VALUES (46, 'John Doe', 43, 9236)	bind_vars_example
conn_5770200353407533524	543	10	2024-11-14 20:53:59	SELECT	SUCCESS	192.168.187.43	10.0.37.202	host_66	app_1	user_9	hash_9915016793417497706	tbs_1	department	SELECT age FROM table_1 WHERE name LIKE 'C%' AND department = 'HR' AND salary < 5128	bind_vars_example
conn_4613741181131413012	595	8	2024-11-14 20:53:59	UPDATE	FAILURE	192.168.135.245	10.0.202.93	host_70	app_4	user_3	hash_1255498439107978304	tbs_2	N/A	UPDATE table_2 SET salary = 8403 WHERE name LIKE 'B%' AND salary < 8137	bind_vars_example
conn_3836162874102543044	170	9	2024-11-14 20:53:59	SELECT	SUCCESS	192.168.214.53	10.0.239.127	host_60	app_2	user_7	hash_14392934377815288623	tbs_3	id, name, id	SELECT id FROM table_3 WHERE age > 31	bind_vars_example
conn_8434175015230662582	241	8	2024-11-14 20:53:59	SELECT	SUCCESS	192.168.187.226	10.0.13.128	host_86	app_3	user_1	hash_14204518527060533182	tbs_4	name, name	SELECT age FROM table_2 WHERE name LIKE 'C%'	bind_vars_example
conn_11418221754273002655	818	10	2024-11-14 20:53:59	SELECT	FAILURE	192.168.95.208	10.0.240.1	host_92	app_2	user_7	hash_10884359179493109464	tbs_4	name, department	SELECT salary, id FROM table_3 WHERE department = 'Sales' AND age > 44 AND name LIKE 'C%'	bind_vars_example
conn_3856014474607638305	580	7	2024-11-14 20:53:59	INSERT	FAILURE	192.168.221.28	10.0.167.92	host_8	app_3	user_1	hash_16985853988436030751	tbs_3	N/A	INSERT INTO table_1 (id, name, age, salary) VALUES (13, 'John Doe', 38, 8164)	bind_vars_example
conn_772330189623955732	548	8	2024-11-14 20:53:59	DELETE	FAILURE	192.168.132.158	10.0.212.157	host_45	app_3	user_6	hash_9484372365956035053	tbs_3	N/A	DELETE FROM table_4 WHERE name LIKE 'B%'	bind_vars_example
conn_17355358981946748003	840	10	2024-11-14 20:53:59	INSERT	SUCCESS	192.168.171.17	10.0.236.36	host_60	app_3	user_9	hash_15222806878715940819	tbs_4	N/A	INSERT INTO table_3 (id, name, age, salary) VALUES (8, 'John Doe', 27, 7173)	bind_vars_example
conn_13459560507161031271	433	4	2024-11-14 20:53:59	INSERT	SUCCESS	192.168.227.211	10.0.230.101	host_58	app_3	user_5	hash_5099154641430648571	tbs_2	N/A	INSERT INTO table_1 (id, name, age, salary) VALUES (53, 'John Doe', 27, 6659)	bind_vars_example
conn_18330133494734651545	140	2	2024-11-14 20:53:59	DELETE	SUCCESS	192.168.70.94	10.0.13.254	host_84	app_3	user_9	hash_5467721355509507820	tbs_2	N/A	DELETE FROM table_1 WHERE name LIKE 'C%'	bind_vars_example
conn_17804082280699638487	199	4	2024-11-14 20:53:59	DELETE	SUCCESS	192.168.194.161	10.0.109.136	host_46	app_2	user_7	hash_3862597049814897645	tbs_3	N/A	DELETE FROM table_1 WHERE department = 'HR'	bind_vars_example
conn_10416415424217310259	577	1	2024-11-14 20:53:59	SELECT	SUCCESS	192.168.53.89	10.0.228.112	host_95	app_1	user_8	hash_4842178936218897365	tbs_3	department	SELECT salary FROM table_4 WHERE department = 'HR' AND name LIKE 'A%' AND salary < 5068	bind_vars_example
conn_9138477043518753888	45	9	2024-11-14 20:53:59	SELECT	FAILURE	192.168.91.19	10.0.208.58	host_43	app_4	user_3	hash_1209154785658026523	tbs_3	name	SELECT age, id, department FROM table_1 WHERE age > 33 AND age > 33	bind_vars_example
conn_15522502939993221261	941	3	2024-11-14 20:53:59	DELETE	FAILURE	192.168.162.156	10.0.88.200	host_66	app_2	user_1	hash_3148307337790825229	tbs_1	N/A	DELETE FROM table_3 WHERE age > 33 AND salary < 9468	bind_vars_example
conn_13498602177549869108	895	7	2024-11-14 20:53:59	DELETE	SUCCESS	192.168.214.76	10.0.120.46	host_8	app_1	user_2	hash_5325096853130831079	tbs_3	N/A	DELETE FROM table_3 WHERE name LIKE 'C%'	bind_vars_example
conn_15847098365832093481	404	2	2024-11-14 20:53:59	INSERT	SUCCESS	192.168.178.108	10.0.36.82	host_34	app_1	user_5	hash_12373930089778375406	tbs_4	N/A	INSERT INTO table_3 (id, name, age, salary) VALUES (45, 'John Doe', 25, 4414)	bind_vars_example
conn_10125246854886998655	185	1	2024-11-14 20:53:59	INSERT	FAILURE	192.168.124.240	10.0.104.86	host_48	app_1	user_9	hash_18050183599362176168	tbs_2	N/A	INSERT INTO table_1 (id, name, age, salary) VALUES (28, 'John Doe', 24, 9166)	bind_vars_example
conn_12835584255255353026	484	4	2024-11-14 20:53:59	UPDATE	SUCCESS	192.168.82.37	10.0.126.51	host_85	app_1	user_5	hash_7680991730667041011	tbs_3	N/A	UPDATE table_3 SET salary = 8081 WHERE department = 'HR'	bind_vars_example
conn_6571746314039684667	530	10	2024-11-14 20:53:59	UPDATE	SUCCESS	192.168.152.4	10.0.176.153	host_91	app_2	user_9	hash_8578627536981192853	tbs_4	N/A	UPDATE table_2 SET salary = 6516 WHERE age > 29 AND age > 29	bind_vars_example
conn_5999715687891076056	385	2	2024-11-14 20:53:59	DELETE	SUCCESS	192.168.7.41	10.0.179.113	host_65	app_4	user_5	hash_2469934953189907087	tbs_3	N/A	DELETE FROM table_2 WHERE age > 35 AND name LIKE 'B%' AND department = 'Sales'	bind_vars_example
conn_15958588926383342044	750	8	2024-11-14 20:53:59	UPDATE	FAILURE	192.168.131.46	10.0.227.81	host_86	app_2	user_1	hash_11218933333661192183	tbs_2	N/A	UPDATE table_2 SET salary = 5815 WHERE salary < 6791 AND department = 'Sales'	bind_vars_example
conn_10146801500768543249	778	4	2024-11-14 20:53:59	UPDATE	FAILURE	192.168.227.28	10.0.92.38	host_15	app_3	user_6	hash_8838302111897802253	tbs_1	N/A	UPDATE table_1 SET salary = 4626 WHERE department = 'Sales' AND department = 'Sales' AND name LIKE 'B%'	bind_vars_example
conn_2410499515036424931	423	10	2024-11-14 20:53:59	DELETE	SUCCESS	192.168.88.119	10.0.89.133	host_60	app_1	user_4	hash_466121913562355455	tbs_3	N/A	DELETE FROM table_3 WHERE department = 'Engineering' AND salary < 5620 AND name LIKE 'C%'	bind_vars_example
conn_10745037387644686052	295	4	2024-11-14 20:53:59	INSERT	SUCCESS	192.168.182.119	10.0.20.187	host_22	app_4	user_4	hash_11354754573038397618	tbs_1	N/A	INSERT INTO table_2 (id, name, age, salary) VALUES (44, 'John Doe', 22, 9607)	bind_vars_example
conn_9781410686189257011	157	10	2024-11-14 20:53:59	UPDATE	FAILURE	192.168.244.178	10.0.6.182	host_75	app_4	user_7	hash_12319838187620096261	tbs_3	N/A	UPDATE table_4 SET salary = 6889 WHERE salary < 8808 AND name LIKE 'C%' AND name LIKE 'C%'	bind_vars_example
conn_3616184067323633319	393	2	2024-11-14 20:53:59	UPDATE	FAILURE	192.168.191.139	10.0.224.122	host_36	app_2	user_6	hash_743173139638995781	tbs_4	N/A	UPDATE table_1 SET salary = 9027 WHERE department = 'Sales' AND salary < 9188	bind_vars_example
conn_8239867837781443661	524	9	2024-11-14 20:53:59	DELETE	FAILURE	192.168.109.116	10.0.245.245	host_97	app_1	user_3	hash_14990845229878567937	tbs_1	N/A	DELETE FROM table_4 WHERE name LIKE 'B%' AND salary < 6763	bind_vars_example
conn_11623856565294077085	349	1	2024-11-14 20:53:59	DELETE	SUCCESS	192.168.76.99	10.0.245.227	host_16	app_4	user_6	hash_6996646134349221921	tbs_4	N/A	DELETE FROM table_3 WHERE name LIKE 'A%' AND department = 'Sales' AND salary < 5992	bind_vars_example
conn_12098401480997947176	978	9	2024-11-14 20:53:59	INSERT	FAILURE	192.168.62.77	10.0.249.43	host_99	app_4	user_5	hash_13799484377051943157	tbs_3	N/A	INSERT INTO table_1 (id, name, age, salary) VALUES (84, 'John Doe', 32, 8188)	bind_vars_example
conn_9344249246990920494	976	7	2024-11-14 20:53:59	SELECT	SUCCESS	192.168.138.18	10.0.88.18	host_12	app_2	user_7	hash_7244435840049370816	tbs_2	age	SELECT name, id FROM table_3 WHERE age > 44 AND salary < 7723	bind_vars_example
conn_1217574346685184694	348	10	2024-11-14 20:53:59	DELETE	FAILURE	192.168.138.194	10.0.251.191	host_55	app_2	user_1	hash_1968213370448081322	tbs_4	N/A	DELETE FROM table_3 WHERE department = 'Sales' AND salary < 7959 AND salary < 7959	bind_vars_example
conn_9363756597701751414	168	3	2024-11-14 20:53:59	UPDATE	FAILURE	192.168.205.121	10.0.7.64	host_85	app_2	user_8	hash_9281682557614316071	tbs_2	N/A	UPDATE table_4 SET salary = 4739 WHERE salary < 7364 AND name LIKE 'A%'	bind_vars_example
conn_16605732533512803293	610	2	2024-11-14 20:53:59	UPDATE	FAILURE	192.168.96.23	10.0.105.54	host_63	app_1	user_6	hash_10138333009489956462	tbs_3	N/A	UPDATE table_3 SET salary = 7376 WHERE salary < 8137	bind_vars_example
conn_17357467466056587729	890	4	2024-11-14 20:53:59	SELECT	FAILURE	192.168.212.150	10.0.202.183	host_11	app_3	user_4	hash_15653795196580113166	tbs_1	name, name, name, id	SELECT age, salary FROM table_2 WHERE age > 49	bind_vars_example
conn_17919194922658243422	168	3	2024-11-14 20:53:59	UPDATE	SUCCESS	192.168.223.152	10.0.33.63	host_96	app_2	user_4	hash_8308449864071590881	tbs_2	N/A	UPDATE table_1 SET salary = 6592 WHERE department = 'Engineering'	bind_vars_example
conn_1507043936713777682	679	7	2024-11-14 20:53:59	INSERT	FAILURE	192.168.110.151	10.0.218.78	host_72	app_4	user_6	hash_17443523737309049421	tbs_3	N/A	INSERT INTO table_3 (id, name, age, salary) VALUES (81, 'John Doe', 29, 3063)	bind_vars_example
conn_12671034229176345608	866	6	2024-11-14 20:53:59	SELECT	FAILURE	192.168.9.57	10.0.126.157	host_72	app_4	user_4	hash_2348452278638428377	tbs_3	id, id, salary, age	SELECT department, id, salary FROM table_1 WHERE salary < 7138 AND name LIKE 'A%'	bind_vars_example
conn_6453604536728614383	185	5	2024-11-14 20:53:59	UPDATE	FAILURE	192.168.57.231	10.0.229.193	host_26	app_1	user_8	hash_10746103306371328277	tbs_3	N/A	UPDATE table_2 SET salary = 4080 WHERE salary < 9831	bind_vars_example
conn_17886188352747555272	484	5	2024-11-14 20:53:59	DELETE	SUCCESS	192.168.39.228	10.0.221.111	host_6	app_1	user_8	hash_10209801741727417105	tbs_1	N/A	DELETE FROM table_2 WHERE department = 'Sales'	bind_vars_example
conn_18161408092646183926	316	1	2024-11-14 20:53:59	DELETE	SUCCESS	192.168.156.117	10.0.237.68	host_76	app_2	user_2	hash_7138030833605986303	tbs_3	N/A	DELETE FROM table_2 WHERE age > 24 AND name LIKE 'B%' AND department = 'Engineering'	bind_vars_example
conn_3098385173684743015	244	7	2024-11-14 20:53:59	INSERT	FAILURE	192.168.14.51	10.0.234.138	host_39	app_1	user_4	hash_4131250014629047955	tbs_3	N/A	INSERT INTO table_2 (id, name, age, salary) VALUES (94, 'John Doe', 36, 3928)	bind_vars_example
conn_3605464278709414554	180	3	2024-11-14 20:53:59	DELETE	SUCCESS	192.168.15.23	10.0.237.69	host_71	app_3	user_8	hash_209287471084663773	tbs_2	N/A	DELETE FROM table_2 WHERE age > 46	bind_vars_example
conn_15667855464161708881	666	7	2024-11-14 20:53:59	INSERT	SUCCESS	192.168.8.187	10.0.147.148	host_78	app_3	user_2	hash_10942350962157904238	tbs_3	N/A	INSERT INTO table_2 (id, name, age, salary) VALUES (93, 'John Doe', 47, 8959)	bind_vars_example
conn_3561490923842644968	979	6	2024-11-14 20:53:59	DELETE	SUCCESS	192.168.225.248	10.0.54.15	host_41	app_4	user_1	hash_2120961119944243453	tbs_1	N/A	DELETE FROM table_3 WHERE name LIKE 'B%'	bind_vars_example
conn_16601525915752850284	649	8	2024-11-14 20:53:59	DELETE	FAILURE	192.168.190.175	10.0.102.132	host_21	app_3	user_7	hash_15323824456415508900	tbs_1	N/A	DELETE FROM table_1 WHERE salary < 9456	bind_vars_example
conn_63582208188595772	679	4	2024-11-14 20:53:59	DELETE	FAILURE	192.168.16.47	10.0.57.155	host_98	app_2	user_6	hash_10392651837476788317	tbs_3	N/A	DELETE FROM table_2 WHERE name LIKE 'A%'	bind_vars_example
conn_15248742838758025326	123	9	2024-11-14 20:53:59	SELECT	FAILURE	192.168.151.119	10.0.49.222	host_75	app_2	user_5	hash_9868949161046224150	tbs_1	department, department, id	SELECT age FROM table_3 WHERE salary < 9159 AND name LIKE 'B%'	bind_vars_example
conn_13223959451399281267	553	8	2024-11-14 20:53:59	DELETE	SUCCESS	192.168.98.115	10.0.178.158	host_23	app_3	user_4	hash_3430607449658653102	tbs_2	N/A	DELETE FROM table_1 WHERE department = 'HR'	bind_vars_example
conn_2481937479568637164	784	6	2024-11-14 20:53:59	UPDATE	SUCCESS	192.168.3.233	10.0.217.181	host_11	app_2	user_4	hash_9796655656300623724	tbs_3	N/A	UPDATE table_3 SET salary = 6029 WHERE name LIKE 'C%' AND salary < 5471 AND name LIKE 'C%'	bind_vars_example
conn_1187340399328655336	816	8	2024-11-14 20:53:59	SELECT	FAILURE	192.168.23.145	10.0.241.1	host_37	app_2	user_6	hash_1469868300391213865	tbs_2	age, age, department, id	SELECT id, id FROM table_1 WHERE department = 'Engineering' AND salary < 9654	bind_vars_example
conn_7417435462604750302	871	2	2024-11-14 20:53:59	UPDATE	FAILURE	192.168.83.19	10.0.52.176	host_93	app_1	user_4	hash_17500223462614036720	tbs_3	N/A	UPDATE table_1 SET salary = 8854 WHERE name LIKE 'B%' AND age > 36	bind_vars_example
conn_6458620465416782852	498	8	2024-11-14 20:53:59	SELECT	FAILURE	192.168.252.182	10.0.94.57	host_65	app_4	user_7	hash_10890786542737944836	tbs_3	salary, name, age	SELECT name FROM table_1 WHERE department = 'Engineering' AND age > 45 AND department = 'Engineering'	bind_vars_example
conn_4464644893961663728	580	1	2024-11-14 20:53:59	INSERT	FAILURE	192.168.147.238	10.0.207.75	host_42	app_3	user_4	hash_18016313204293562210	tbs_1	N/A	INSERT INTO table_3 (id, name, age, salary) VALUES (7, 'John Doe', 28, 5249)	bind_vars_example
conn_16788413233975243364	26	5	2024-11-14 20:53:59	UPDATE	SUCCESS	192.168.114.29	10.0.241.23	host_13	app_3	user_8	hash_2374020844129006210	tbs_2	N/A	UPDATE table_3 SET salary = 8709 WHERE department = 'Sales' AND name LIKE 'C%' AND name LIKE 'C%'	bind_vars_example
conn_13565179267050180661	357	3	2024-11-14 20:53:59	DELETE	SUCCESS	192.168.235.226	10.0.130.202	host_12	app_4	user_3	hash_1246777847023930465	tbs_4	N/A	DELETE FROM table_4 WHERE salary < 9573 AND salary < 9573	bind_vars_example
conn_18353211388124244998	588	5	2024-11-14 20:53:59	SELECT	FAILURE	192.168.208.193	10.0.55.150	host_70	app_1	user_2	hash_14727110622611984386	tbs_4	name, name	SELECT id, age, salary, name FROM table_2 WHERE age > 36 AND name LIKE 'B%' AND salary < 4447	bind_vars_example
conn_8739698207678119897	901	5	2024-11-14 20:53:59	INSERT	FAILURE	192.168.119.107	10.0.127.181	host_14	app_4	user_6	hash_8097387460900229073	tbs_4	N/A	INSERT INTO table_3 (id, name, age, salary) VALUES (27, 'John Doe', 34, 8845)	bind_vars_example
conn_1715805126816024839	394	6	2024-11-14 20:53:59	DELETE	SUCCESS	192.168.85.234	10.0.80.66	host_33	app_3	user_3	hash_11661564474556083421	tbs_1	N/A	DELETE FROM table_3 WHERE name LIKE 'A%' AND salary < 8236	bind_vars_example
conn_2624547367076458758	616	5	2024-11-14 20:53:59	UPDATE	FAILURE	192.168.10.235	10.0.178.162	host_45	app_3	user_8	hash_7742519965667811180	tbs_1	N/A	UPDATE table_3 SET salary = 6127 WHERE salary < 4560 AND salary < 4560	bind_vars_example
conn_14016265739439933542	277	7	2024-11-14 20:53:59	INSERT	SUCCESS	192.168.186.127	10.0.105.156	host_51	app_2	user_6	hash_2326259132986153891	tbs_2	N/A	INSERT INTO table_2 (id, name, age, salary) VALUES (97, 'John Doe', 20, 4961)	bind_vars_example
conn_783546517128824063	67	7	2024-11-14 20:53:59	DELETE	FAILURE	192.168.135.104	10.0.171.225	host_9	app_2	user_4	hash_4996352613406795079	tbs_3	N/A	DELETE FROM table_4 WHERE name LIKE 'C%' AND department = 'Sales'	bind_vars_example
conn_8978485155764129474	635	9	2024-11-14 20:53:59	DELETE	SUCCESS	192.168.164.251	10.0.81.6	host_73	app_1	user_6	hash_3063886483914070091	tbs_4	N/A	DELETE FROM table_3 WHERE department = 'HR' AND name LIKE 'C%' AND salary < 7903	bind_vars_example
conn_1191153879731987505	664	6	2024-11-14 20:53:59	DELETE	FAILURE	192.168.111.162	10.0.200.208	host_96	app_3	user_2	hash_7055412353776034891	tbs_4	N/A	DELETE FROM table_2 WHERE salary < 9312 AND salary < 9312	bind_vars_example
conn_3178936437762500717	466	3	2024-11-14 20:53:59	UPDATE	SUCCESS	192.168.98.77	10.0.192.103	host_62	app_3	user_1	hash_939704074004628482	tbs_2	N/A	UPDATE table_2 SET salary = 6724 WHERE salary < 9113 AND salary < 9113 AND department = 'Sales'	bind_vars_example
conn_10954028854187045581	889	5	2024-11-14 20:53:59	DELETE	SUCCESS	192.168.149.163	10.0.139.134	host_16	app_3	user_7	hash_14790534723796112680	tbs_3	N/A	DELETE FROM table_4 WHERE salary < 5474	bind_vars_example
conn_87043100805809065	422	10	2024-11-14 20:53:59	DELETE	FAILURE	192.168.178.70	10.0.46.104	host_12	app_4	user_1	hash_8207606785764713107	tbs_3	N/A	DELETE FROM table_4 WHERE salary < 8902	bind_vars_example
conn_10916808539030103275	329	4	2024-11-14 20:53:59	INSERT	FAILURE	192.168.181.101	10.0.113.196	host_86	app_1	user_4	hash_8187127776761206774	tbs_4	N/A	INSERT INTO table_3 (id, name, age, salary) VALUES (50, 'John Doe', 47, 8713)	bind_vars_example
conn_13691631824301472337	644	2	2024-11-14 20:53:59	UPDATE	SUCCESS	192.168.54.125	10.0.224.221	host_34	app_2	user_5	hash_5915326315505243271	tbs_4	N/A	UPDATE table_4 SET salary = 7764 WHERE department = 'HR'	bind_vars_example
conn_8679475637507562553	488	9	2024-11-14 20:53:59	DELETE	FAILURE	192.168.10.4	10.0.63.38	host_75	app_3	user_7	hash_489297949789560637	tbs_1	N/A	DELETE FROM table_4 WHERE name LIKE 'A%'	bind_vars_example
conn_14274553487356104678	308	10	2024-11-14 20:53:59	UPDATE	FAILURE	192.168.45.223	10.0.47.142	host_10	app_2	user_7	hash_17959319159760431965	tbs_3	N/A	UPDATE table_3 SET salary = 7276 WHERE name LIKE 'B%' AND salary < 9877 AND department = 'HR'	bind_vars_example
conn_7038395849249196841	304	1	2024-11-14 20:53:59	UPDATE	SUCCESS	192.168.178.61	10.0.2.128	host_1	app_4	user_7	hash_11799539484230360010	tbs_4	N/A	UPDATE table_3 SET salary = 7087 WHERE salary < 6292	bind_vars_example
conn_2166435692542678286	166	6	2024-11-14 20:53:59	SELECT	SUCCESS	192.168.3.199	10.0.15.241	host_53	app_3	user_5	hash_13161443279984721278	tbs_1	salary	SELECT name, id FROM table_3 WHERE department = 'HR' AND name LIKE 'C%'	bind_vars_example
conn_10819591415298342549	263	6	2024-11-14 20:53:59	INSERT	SUCCESS	192.168.123.228	10.0.164.102	host_89	app_4	user_5	hash_3912145069288133352	tbs_1	N/A	INSERT INTO table_4 (id, name, age, salary) VALUES (28, 'John Doe', 27, 6438)	bind_vars_example
conn_16668051280177100659	610	8	2024-11-14 20:53:59	INSERT	SUCCESS	192.168.221.160	10.0.73.100	host_44	app_3	user_2	hash_17820268929437329220	tbs_3	N/A	INSERT INTO table_4 (id, name, age, salary) VALUES (67, 'John Doe', 40, 6242)	bind_vars_example
conn_11238055828549195791	406	6	2024-11-14 20:53:59	INSERT	SUCCESS	192.168.233.139	10.0.234.83	host_28	app_3	user_2	hash_17938875838703484410	tbs_2	N/A	INSERT INTO table_4 (id, name, age, salary) VALUES (11, 'John Doe', 49, 8265)	bind_vars_example
conn_17621317733883678769	561	10	2024-11-14 20:53:59	INSERT	SUCCESS	192.168.13.90	10.0.208.106	host_61	app_2	user_8	hash_1991407739775882626	tbs_2	N/A	INSERT INTO table_3 (id, name, age, salary) VALUES (18, 'John Doe', 29, 5867)	bind_vars_example
conn_11300044241950699284	529	5	2024-11-14 20:53:59	UPDATE	SUCCESS	192.168.103.114	10.0.157.221	host_71	app_4	user_4	hash_1526931781853102032	tbs_2	N/A	UPDATE table_1 SET salary = 5967 WHERE age > 38 AND name LIKE 'B%'	bind_vars_example
conn_7612660904773076299	199	7	2024-11-14 20:53:59	INSERT	SUCCESS	192.168.8.196	10.0.14.131	host_49	app_4	user_2	hash_15440062687431951729	tbs_1	N/A	INSERT INTO table_2 (id, name, age, salary) VALUES (81, 'John Doe', 28, 4363)	bind_vars_example
conn_12073502089715442683	611	7	2024-11-14 20:53:59	INSERT	FAILURE	192.168.99.77	10.0.92.140	host_97	app_1	user_3	hash_6674448548521403959	tbs_2	N/A	INSERT INTO table_4 (id, name, age, salary) VALUES (22, 'John Doe', 49, 8057)	bind_vars_example
conn_15177964731759262947	424	1	2024-11-14 20:53:59	SELECT	SUCCESS	192.168.100.244	10.0.121.49	host_3	app_2	user_4	hash_14618381140844898594	tbs_2	department, salary, department	SELECT age, name, age, department FROM table_2 WHERE name LIKE 'C%' AND department = 'HR' AND age > 35	bind_vars_example
conn_12761522428809119804	830	7	2024-11-14 20:53:59	DELETE	FAILURE	192.168.70.161	10.0.236.137	host_9	app_2	user_6	hash_11586143297303255127	tbs_4	N/A	DELETE FROM table_1 WHERE department = 'HR' AND name LIKE 'B%' AND name LIKE 'B%'	bind_vars_example
conn_5499805961246879617	20	5	2024-11-14 20:53:59	INSERT	FAILURE	192.168.124.149	10.0.1.100	host_65	app_4	user_8	hash_14736518241747073457	tbs_1	N/A	INSERT INTO table_2 (id, name, age, salary) VALUES (37, 'John Doe', 37, 4869)	bind_vars_example
conn_5286278040357095345	683	4	2024-11-14 20:53:59	UPDATE	SUCCESS	192.168.184.109	10.0.110.115	host_96	app_3	user_6	hash_5899458072571415951	tbs_1	N/A	UPDATE table_2 SET salary = 5251 WHERE department = 'Sales'	bind_vars_example
conn_18403480652438448827	813	6	2024-11-14 20:53:59	INSERT	FAILURE	192.168.161.49	10.0.79.30	host_5	app_1	user_5	hash_15087611986957187957	tbs_2	N/A	INSERT INTO table_3 (id, name, age, salary) VALUES (84, 'John Doe', 42, 9933)	bind_vars_example
conn_16726260947832914376	704	5	2024-11-14 20:53:59	SELECT	SUCCESS	192.168.229.13	10.0.1.228	host_51	app_4	user_7	hash_7837671277774627545	tbs_4	age, id	SELECT department, department, department FROM table_1 WHERE salary < 6643 AND department = 'Engineering'	bind_vars_example
conn_11657305044901429996	169	1	2024-11-14 20:53:59	INSERT	SUCCESS	192.168.5.50	10.0.2.109	host_11	app_3	user_5	hash_16375220276845046113	tbs_4	N/A	INSERT INTO table_2 (id, name, age, salary) VALUES (59, 'John Doe', 46, 6768)	bind_vars_example
conn_2226836222450050525	621	3	2024-11-14 20:53:59	DELETE	FAILURE	192.168.180.25	10.0.185.85	host_65	app_2	user_9	hash_4134264876607200055	tbs_3	N/A	DELETE FROM table_3 WHERE department = 'HR'	bind_vars_example
conn_13048818132572313798	384	7	2024-11-14 20:53:59	UPDATE	SUCCESS	192.168.60.48	10.0.169.163	host_87	app_3	user_2	hash_17424796079132989972	tbs_4	N/A	UPDATE table_4 SET salary = 7590 WHERE age > 21	bind_vars_example
conn_10437486554587540799	121	10	2024-11-14 20:53:59	SELECT	SUCCESS	192.168.13.80	10.0.13.61	host_3	app_3	user_6	hash_15627052155068267126	tbs_3	id, name	SELECT name FROM table_3 WHERE name LIKE 'B%' AND age > 35	bind_vars_example
conn_15367150096305863301	236	7	2024-11-14 20:53:59	DELETE	SUCCESS	192.168.189.117	10.0.170.119	host_29	app_3	user_2	hash_348999478343983874	tbs_3	N/A	DELETE FROM table_2 WHERE name LIKE 'B%' AND age > 44 AND age > 44	bind_vars_example
conn_17763448184431369691	627	6	2024-11-14 20:53:59	UPDATE	FAILURE	192.168.74.191	10.0.147.115	host_88	app_3	user_1	hash_12747884451746904207	tbs_4	N/A	UPDATE table_2 SET salary = 4515 WHERE name LIKE 'C%' AND department = 'HR'	bind_vars_example
conn_1591193745892178824	963	10	2024-11-14 20:53:59	DELETE	FAILURE	192.168.245.123	10.0.237.176	host_40	app_2	user_7	hash_15511802437725206214	tbs_2	N/A	DELETE FROM table_2 WHERE name LIKE 'B%' AND salary < 7480 AND department = 'Sales'	bind_vars_example
conn_1528993974408642389	521	2	2024-11-14 20:53:59	DELETE	SUCCESS	192.168.178.40	10.0.121.25	host_50	app_4	user_2	hash_9346515411248076453	tbs_2	N/A	DELETE FROM table_4 WHERE name LIKE 'C%' AND name LIKE 'C%' AND department = 'Sales'	bind_vars_example
conn_8749735996994660882	804	4	2024-11-14 20:53:59	DELETE	SUCCESS	192.168.54.88	10.0.221.110	host_38	app_4	user_7	hash_18415140360714179624	tbs_3	N/A	DELETE FROM table_1 WHERE department = 'HR' AND salary < 7707	bind_vars_example
conn_1409526362234877254	83	10	2024-11-14 20:53:59	UPDATE	SUCCESS	192.168.58.136	10.0.126.194	host_59	app_1	user_8	hash_2891185959770244536	tbs_3	N/A	UPDATE table_4 SET salary = 3913 WHERE name LIKE 'A%' AND salary < 7944 AND salary < 7944	bind_vars_example
conn_15122901959994711002	146	3	2024-11-14 20:53:59	INSERT	SUCCESS	192.168.123.156	10.0.234.246	host_29	app_4	user_7	hash_18122581550251307313	tbs_1	N/A	INSERT INTO table_2 (id, name, age, salary) VALUES (50, 'John Doe', 35, 9523)	bind_vars_example
conn_16655929144240859012	564	7	2024-11-14 20:53:59	INSERT	FAILURE	192.168.73.165	10.0.207.234	host_54	app_1	user_6	hash_1774802054673691891	tbs_2	N/A	INSERT INTO table_2 (id, name, age, salary) VALUES (38, 'John Doe', 29, 4764)	bind_vars_example
conn_10908697985135583983	164	10	2024-11-14 20:53:59	SELECT	SUCCESS	192.168.45.103	10.0.15.105	host_86	app_2	user_6	hash_4948803693766839459	tbs_2	department, salary	SELECT name, department FROM table_4 WHERE age > 42	bind_vars_example
conn_11487712305651622712	747	5	2024-11-14 20:53:59	INSERT	FAILURE	192.168.68.25	10.0.170.91	host_62	app_2	user_5	hash_17696510923970709759	tbs_1	N/A	INSERT INTO table_2 (id, name, age, salary) VALUES (87, 'John Doe', 28, 4623)	bind_vars_example
conn_300042992846264315	374	10	2024-11-14 20:53:59	UPDATE	FAILURE	192.168.155.228	10.0.135.123	host_24	app_3	user_4	hash_11036547058285777945	tbs_4	N/A	UPDATE table_3 SET salary = 4852 WHERE age > 23	bind_vars_example
conn_11736065159864459094	838	1	2024-11-14 20:53:59	DELETE	FAILURE	192.168.116.104	10.0.157.12	host_30	app_3	user_1	hash_14323033354455478683	tbs_2	N/A	DELETE FROM table_1 WHERE name LIKE 'A%' AND department = 'Sales'	bind_vars_example
conn_15339520501913266199	306	3	2024-11-14 20:53:59	DELETE	FAILURE	192.168.179.46	10.0.187.111	host_58	app_4	user_8	hash_14255290062172495193	tbs_2	N/A	DELETE FROM table_4 WHERE salary < 3706 AND department = 'HR'	bind_vars_example
conn_8705036608745505223	713	4	2024-11-14 20:53:59	SELECT	FAILURE	192.168.48.247	10.0.15.195	host_49	app_3	user_2	hash_8833842014412106435	tbs_4	age, name	SELECT name FROM table_1 WHERE name LIKE 'B%' AND name LIKE 'B%' AND age > 32	bind_vars_example
conn_17830723057936746489	527	9	2024-11-14 20:53:59	INSERT	FAILURE	192.168.223.18	10.0.138.247	host_41	app_1	user_2	hash_12353979023590981218	tbs_1	N/A	INSERT INTO table_2 (id, name, age, salary) VALUES (87, 'John Doe', 35, 4043)	bind_vars_example
conn_15792979099296790976	787	1	2024-11-14 20:53:59	INSERT	FAILURE	192.168.206.115	10.0.191.52	host_80	app_3	user_8	hash_4262961789831157559	tbs_4	N/A	INSERT INTO table_1 (id, name, age, salary) VALUES (14, 'John Doe', 38, 4118)	bind_vars_example
conn_13267536142920538651	243	3	2024-11-14 20:53:59	SELECT	FAILURE	192.168.144.230	10.0.109.5	host_45	app_4	user_9	hash_10268944113518383837	tbs_4	id, age, department	SELECT age, department, age FROM table_3 WHERE name LIKE 'C%' AND age > 44	bind_vars_example
conn_13599215753720632000	642	4	2024-11-14 20:53:59	UPDATE	FAILURE	192.168.92.2	10.0.245.59	host_61	app_1	user_9	hash_10534190264443600504	tbs_4	N/A	UPDATE table_2 SET salary = 7433 WHERE department = 'Engineering' AND name LIKE 'C%'	bind_vars_example
conn_1667173805520140674	467	1	2024-11-14 20:53:59	INSERT	SUCCESS	192.168.214.24	10.0.129.192	host_93	app_1	user_6	hash_11186255985601060748	tbs_3	N/A	INSERT INTO table_3 (id, name, age, salary) VALUES (57, 'John Doe', 28, 8436)	bind_vars_example
conn_17888141759015085750	421	4	2024-11-14 20:53:59	SELECT	FAILURE	192.168.130.61	10.0.175.33	host_57	app_4	user_5	hash_239437252280191479	tbs_4	id, name	SELECT age FROM table_2 WHERE name LIKE 'B%' AND department = 'Engineering'	bind_vars_example
conn_4330697192666847561	855	1	2024-11-14 20:53:59	UPDATE	SUCCESS	192.168.184.139	10.0.43.159	host_9	app_4	user_3	hash_5242387933246239344	tbs_3	N/A	UPDATE table_3 SET salary = 6642 WHERE age > 30 AND age > 30	bind_vars_example
conn_16879019426465836954	392	6	2024-11-14 20:53:59	SELECT	SUCCESS	192.168.0.237	10.0.220.133	host_12	app_1	user_7	hash_3721417057224988780	tbs_3	age, age, id, age	SELECT age, id FROM table_3 WHERE department = 'Engineering'	bind_vars_example
conn_6462416615866401309	621	7	2024-11-14 20:53:59	UPDATE	FAILURE	192.168.63.189	10.0.238.184	host_90	app_4	user_8	hash_7362579489826007898	tbs_3	N/A	UPDATE table_1 SET salary = 9873 WHERE name LIKE 'C%'	bind_vars_example
conn_14397574657250777866	634	2	2024-11-14 20:53:59	UPDATE	SUCCESS	192.168.151.183	10.0.32.52	host_29	app_1	user_7	hash_8395426615243001291	tbs_2	N/A	UPDATE table_1 SET salary = 8668 WHERE department = 'Sales' AND name LIKE 'B%' AND department = 'Sales'	bind_vars_example
conn_11981055962535266423	71	4	2024-11-14 20:53:59	UPDATE	FAILURE	192.168.161.80	10.0.150.93	host_23	app_4	user_1	hash_4333600515448044563	tbs_1	N/A	UPDATE table_4 SET salary = 9574 WHERE department = 'Engineering' AND salary < 7650 AND salary < 7650	bind_vars_example
conn_1363586481260238344	739	7	2024-11-14 20:53:59	UPDATE	FAILURE	192.168.15.177	10.0.82.100	host_2	app_4	user_5	hash_14118927964809318984	tbs_4	N/A	UPDATE table_3 SET salary = 5538 WHERE salary < 8300 AND name LIKE 'C%'	bind_vars_example
conn_5187843879248014104	969	10	2024-11-14 20:53:59	INSERT	FAILURE	192.168.238.24	10.0.131.168	host_18	app_2	user_3	hash_15601097498503703144	tbs_3	N/A	INSERT INTO table_3 (id, name, age, salary) VALUES (49, 'John Doe', 47, 3009)	bind_vars_example
conn_12417107733148267239	242	7	2024-11-14 20:53:59	INSERT	FAILURE	192.168.202.21	10.0.81.216	host_89	app_1	user_1	hash_13078477998561371780	tbs_3	N/A	INSERT INTO table_2 (id, name, age, salary) VALUES (9, 'John Doe', 22, 3120)	bind_vars_example
conn_2715906212407408883	877	2	2024-11-14 20:53:59	SELECT	FAILURE	192.168.138.199	10.0.163.90	host_9	app_1	user_3	hash_18315286262388784073	tbs_4	department, name, department, salary	SELECT id, id FROM table_2 WHERE age > 36 AND age > 36	bind_vars_example
conn_544555567909822179	305	7	2024-11-14 20:53:59	SELECT	SUCCESS	192.168.192.16	10.0.149.33	host_47	app_4	user_8	hash_5395652969399342694	tbs_4	salary, age, id, department	SELECT age, id, id FROM table_1 WHERE department = 'HR'	bind_vars_example
conn_17745889353383988259	122	8	2024-11-14 20:53:59	INSERT	FAILURE	192.168.155.198	10.0.52.149	host_74	app_4	user_8	hash_14952529059587474943	tbs_3	N/A	INSERT INTO table_2 (id, name, age, salary) VALUES (93, 'John Doe', 45, 8240)	bind_vars_example
conn_16304592043373211	476	1	2024-11-14 20:53:59	SELECT	FAILURE	192.168.30.241	10.0.146.80	host_83	app_1	user_1	hash_3669396098816204179	tbs_4	id, age, age	SELECT name, salary, name, salary FROM table_1 WHERE salary < 9319	bind_vars_example
conn_4431681387836960958	347	7	2024-11-14 20:53:59	DELETE	SUCCESS	192.168.249.76	10.0.0.157	host_44	app_4	user_9	hash_7637396936796497501	tbs_2	N/A	DELETE FROM table_1 WHERE department = 'HR' AND salary < 7069 AND department = 'HR'	bind_vars_example
conn_3383228354427208008	830	7	2024-11-14 20:53:59	SELECT	SUCCESS	192.168.163.93	10.0.130.233	host_43	app_4	user_3	hash_16932336734107781973	tbs_2	salary, age	SELECT department FROM table_4 WHERE name LIKE 'B%' AND department = 'Engineering'	bind_vars_example
conn_13682640303139646969	124	1	2024-11-14 20:53:59	SELECT	SUCCESS	192.168.52.244	10.0.227.154	host_22	app_2	user_1	hash_3841860410975307289	tbs_4	salary, department, department, name	SELECT id, age FROM table_1 WHERE age > 33	bind_vars_example
conn_10305552332778631833	185	5	2024-11-14 20:53:59	INSERT	SUCCESS	192.168.31.209	10.0.144.35	host_81	app_1	user_2	hash_3644068602443291187	tbs_2	N/A	INSERT INTO table_2 (id, name, age, salary) VALUES (51, 'John Doe', 46, 3558)	bind_vars_example
conn_15166887336628088374	933	5	2024-11-14 20:53:59	UPDATE	FAILURE	192.168.178.67	10.0.40.21	host_26	app_4	user_5	hash_4669568258505257275	tbs_2	N/A	UPDATE table_1 SET salary = 6489 WHERE salary < 5751	bind_vars_example
conn_11027842679850078809	53	3	2024-11-14 20:53:59	DELETE	SUCCESS	192.168.167.119	10.0.219.144	host_23	app_3	user_9	hash_17957621544990207469	tbs_3	N/A	DELETE FROM table_3 WHERE age > 36 AND name LIKE 'C%' AND department = 'Sales'	bind_vars_example
conn_1035017810369409522	86	7	2024-11-14 20:53:59	SELECT	SUCCESS	192.168.98.186	10.0.82.87	host_55	app_4	user_3	hash_10497593871262380202	tbs_2	department, name	SELECT id, age, id, name FROM table_4 WHERE department = 'Sales' AND name LIKE 'A%' AND salary < 5029	bind_vars_example
conn_3737166574969316372	282	9	2024-11-14 20:53:59	SELECT	SUCCESS	192.168.238.68	10.0.40.74	host_77	app_2	user_5	hash_1866237091464184895	tbs_4	department, salary, name	SELECT department, age FROM table_1 WHERE age > 36 AND department = 'HR'	bind_vars_example
conn_17970334406670658074	685	2	2024-11-14 20:53:59	SELECT	FAILURE	192.168.165.225	10.0.233.194	host_88	app_3	user_1	hash_3504178429366093802	tbs_4	name, age, salary	SELECT salary, department, name FROM table_4 WHERE salary < 4803 AND age > 27 AND salary < 4803	bind_vars_example
conn_17700652046842791066	16	5	2024-11-14 20:53:59	UPDATE	SUCCESS	192.168.24.124	10.0.139.31	host_76	app_4	user_4	hash_3334473488176435849	tbs_3	N/A	UPDATE table_2 SET salary = 7275 WHERE department = 'Engineering' AND age > 24 AND name LIKE 'A%'	bind_vars_example
conn_8497988377425094725	554	9	2024-11-14 20:53:59	DELETE	FAILURE	192.168.101.222	10.0.165.142	host_21	app_2	user_8	hash_12071116145896277346	tbs_4	N/A	DELETE FROM table_4 WHERE department = 'HR'	bind_vars_example
conn_7358063991454492449	567	8	2024-11-14 20:53:59	INSERT	SUCCESS	192.168.108.58	10.0.169.233	host_57	app_1	user_4	hash_13806651735119024713	tbs_3	N/A	INSERT INTO table_2 (id, name, age, salary) VALUES (68, 'John Doe', 45, 4287)	bind_vars_example
conn_10737736794723618617	967	4	2024-11-14 20:53:59	SELECT	SUCCESS	192.168.46.154	10.0.248.181	host_6	app_4	user_9	hash_16906304359116855288	tbs_4	age, age	SELECT salary, name FROM table_1 WHERE age > 41	bind_vars_example
conn_13012377945259839320	746	3	2024-11-14 20:53:59	INSERT	FAILURE	192.168.52.67	10.0.20.115	host_61	app_2	user_1	hash_17650919438428071270	tbs_2	N/A	INSERT INTO table_3 (id, name, age, salary) VALUES (31, 'John Doe', 20, 7328)	bind_vars_example
conn_5006279972173076114	975	3	2024-11-14 20:53:59	INSERT	FAILURE	192.168.62.102	10.0.253.78	host_75	app_2	user_4	hash_151492042173023515	tbs_4	N/A	INSERT INTO table_3 (id, name, age, salary) VALUES (50, 'John Doe', 41, 3182)	bind_vars_example
conn_15398120244332157822	375	1	2024-11-14 20:53:59	SELECT	SUCCESS	192.168.140.147	10.0.18.53	host_30	app_4	user_7	hash_11712880012527100494	tbs_4	salary	SELECT salary, name FROM table_4 WHERE name LIKE 'A%'	bind_vars_example
conn_14222677788182268748	506	5	2024-11-14 20:53:59	DELETE	SUCCESS	192.168.142.91	10.0.181.199	host_55	app_1	user_1	hash_13725505855317357229	tbs_3	N/A	DELETE FROM table_3 WHERE name LIKE 'A%' AND salary < 4595	bind_vars_example
conn_7459512002768593392	559	3	2024-11-14 20:53:59	SELECT	FAILURE	192.168.31.8	10.0.129.88	host_25	app_3	user_9	hash_14721806893647277102	tbs_3	name, id	SELECT age FROM table_2 WHERE name LIKE 'A%' AND salary < 9963 AND salary < 9963	bind_vars_example
conn_16902286455729888348	74	10	2024-11-14 20:53:59	SELECT	FAILURE	192.168.199.155	10.0.161.118	host_18	app_2	user_7	hash_14664562642182878329	tbs_1	department, name	SELECT name, id, name, age FROM table_1 WHERE name LIKE 'A%' AND age > 23 AND age > 23	bind_vars_example
conn_5433375714637436872	347	3	2024-11-14 20:53:59	UPDATE	SUCCESS	192.168.199.233	10.0.177.222	host_29	app_3	user_7	hash_3709764530694164757	tbs_2	N/A	UPDATE table_4 SET salary = 7030 WHERE department = 'Sales'	bind_vars_example
conn_5113852527175102208	965	6	2024-11-14 20:53:59	UPDATE	FAILURE	192.168.35.142	10.0.3.251	host_48	app_3	user_8	hash_2363195351394482159	tbs_2	N/A	UPDATE table_1 SET salary = 5547 WHERE department = 'Engineering'	bind_vars_example
conn_4139721476768465404	193	10	2024-11-14 20:53:59	INSERT	FAILURE	192.168.146.127	10.0.84.214	host_9	app_3	user_3	hash_1067945848423732973	tbs_1	N/A	INSERT INTO table_4 (id, name, age, salary) VALUES (16, 'John Doe', 25, 7149)	bind_vars_example
conn_9516431676716301356	5	4	2024-11-14 20:53:59	DELETE	FAILURE	192.168.136.197	10.0.176.220	host_56	app_1	user_6	hash_18021694729431129116	tbs_4	N/A	DELETE FROM table_4 WHERE name LIKE 'C%' AND department = 'HR'	bind_vars_example
conn_4235102026208096134	901	10	2024-11-14 20:53:59	INSERT	SUCCESS	192.168.253.86	10.0.132.68	host_67	app_3	user_7	hash_3660680959239359221	tbs_3	N/A	INSERT INTO table_2 (id, name, age, salary) VALUES (76, 'John Doe', 21, 5627)	bind_vars_example
conn_8559339861413986411	91	4	2024-11-14 20:53:59	INSERT	SUCCESS	192.168.113.62	10.0.175.145	host_48	app_1	user_8	hash_16351146832782802488	tbs_1	N/A	INSERT INTO table_3 (id, name, age, salary) VALUES (17, 'John Doe', 26, 4211)	bind_vars_example
conn_17613785259007296165	455	5	2024-11-14 20:53:59	INSERT	FAILURE	192.168.158.156	10.0.39.156	host_25	app_2	user_1	hash_10994201659437410247	tbs_3	N/A	INSERT INTO table_1 (id, name, age, salary) VALUES (97, 'John Doe', 24, 5626)	bind_vars_example
conn_7667972816577319040	385	1	2024-11-14 20:53:59	SELECT	SUCCESS	192.168.142.91	10.0.176.81	host_87	app_2	user_1	hash_17577918143801408612	tbs_2	name, age, name	SELECT id, department, age, id FROM table_3 WHERE salary < 4056	bind_vars_example
conn_8157919737383713940	57	4	2024-11-14 20:53:59	UPDATE	FAILURE	192.168.78.190	10.0.30.110	host_99	app_1	user_5	hash_3046076437918611738	tbs_4	N/A	UPDATE table_1 SET salary = 4034 WHERE department = 'HR' AND salary < 3994	bind_vars_example
conn_13387568360750021639	415	10	2024-11-14 20:53:59	UPDATE	SUCCESS	192.168.29.224	10.0.58.94	host_80	app_1	user_1	hash_5376579509515900788	tbs_4	N/A	UPDATE table_2 SET salary = 9667 WHERE name LIKE 'A%' AND age > 30 AND department = 'Engineering'	bind_vars_example
conn_5294135862630816421	489	6	2024-11-14 20:53:59	SELECT	SUCCESS	192.168.236.154	10.0.52.132	host_73	app_4	user_9	hash_4578676404550675522	tbs_2	age, age	SELECT name, id, department, age FROM table_4 WHERE age > 43 AND age > 43 AND name LIKE 'B%'	bind_vars_example
conn_2566182316446663006	886	8	2024-11-14 20:53:59	UPDATE	SUCCESS	192.168.25.0	10.0.122.203	host_41	app_4	user_6	hash_2083769649075746499	tbs_2	N/A	UPDATE table_2 SET salary = 7905 WHERE department = 'Engineering' AND name LIKE 'B%' AND age > 46	bind_vars_example
conn_4851673967691365182	419	4	2024-11-14 20:53:59	UPDATE	SUCCESS	192.168.145.174	10.0.43.109	host_45	app_4	user_8	hash_11649236455601825921	tbs_4	N/A	UPDATE table_2 SET salary = 5441 WHERE age > 20 AND name LIKE 'B%'	bind_vars_example
conn_10370083121845794556	597	2	2024-11-14 20:53:59	DELETE	SUCCESS	192.168.249.150	10.0.46.6	host_4	app_3	user_9	hash_259060459025193420	tbs_3	N/A	DELETE FROM table_2 WHERE department = 'Engineering' AND department = 'Engineering' AND name LIKE 'B%'	bind_vars_example
conn_5371475482774675928	746	5	2024-11-14 20:53:59	UPDATE	FAILURE	192.168.15.72	10.0.42.11	host_29	app_4	user_6	hash_15794491303476380995	tbs_2	N/A	UPDATE table_3 SET salary = 4984 WHERE age > 37 AND department = 'HR'	bind_vars_example
conn_2947895994196763745	189	10	2024-11-14 20:53:59	UPDATE	FAILURE	192.168.245.134	10.0.195.174	host_10	app_1	user_4	hash_900993437024200276	tbs_3	N/A	UPDATE table_3 SET salary = 8000 WHERE name LIKE 'B%' AND department = 'Engineering'	bind_vars_example
conn_11461646181195286653	181	4	2024-11-14 20:53:59	SELECT	FAILURE	192.168.198.253	10.0.5.1	host_32	app_1	user_1	hash_7377929325594161671	tbs_1	name	SELECT id, department, name, name FROM table_4 WHERE age > 44 AND age > 44 AND age > 44	bind_vars_example
conn_4997193698350376672	471	10	2024-11-14 20:53:59	INSERT	FAILURE	192.168.175.229	10.0.46.206	host_45	app_4	user_7	hash_14676709949115867325	tbs_3	N/A	INSERT INTO table_3 (id, name, age, salary) VALUES (97, 'John Doe', 22, 4194)	bind_vars_example
conn_9394454289909359056	277	6	2024-11-14 20:53:59	UPDATE	FAILURE	192.168.118.108	10.0.80.55	host_74	app_4	user_5	hash_16414539042577980879	tbs_3	N/A	UPDATE table_2 SET salary = 6392 WHERE age > 26	bind_vars_example
conn_1433003180735870098	327	5	2024-11-14 20:53:59	INSERT	SUCCESS	192.168.188.230	10.0.176.7	host_29	app_3	user_3	hash_2065512437603798910	tbs_4	N/A	INSERT INTO table_4 (id, name, age, salary) VALUES (65, 'John Doe', 29, 6007)	bind_vars_example
conn_17823853751172946962	645	3	2024-11-14 20:53:59	SELECT	FAILURE	192.168.46.166	10.0.49.104	host_11	app_1	user_6	hash_17848571888535963116	tbs_1	name, department, salary	SELECT id, id, name, id FROM table_1 WHERE department = 'HR' AND salary < 5282 AND name LIKE 'A%'	bind_vars_example
conn_2690630306586158312	727	2	2024-11-14 20:53:59	INSERT	SUCCESS	192.168.29.112	10.0.173.147	host_53	app_1	user_9	hash_5785134304914235923	tbs_4	N/A	INSERT INTO table_2 (id, name, age, salary) VALUES (19, 'John Doe', 38, 8908)	bind_vars_example
conn_5716922494554617834	244	1	2024-11-14 20:53:59	INSERT	FAILURE	192.168.237.249	10.0.71.72	host_40	app_2	user_2	hash_4629990800388935681	tbs_2	N/A	INSERT INTO table_1 (id, name, age, salary) VALUES (53, 'John Doe', 36, 6989)	bind_vars_example
conn_11450686292234766404	50	9	2024-11-14 20:53:59	UPDATE	FAILURE	192.168.170.185	10.0.183.177	host_30	app_1	user_5	hash_9754576378707201214	tbs_3	N/A	UPDATE table_3 SET salary = 6948 WHERE department = 'HR'	bind_vars_example
conn_309336791174168856	685	5	2024-11-14 20:53:59	SELECT	SUCCESS	192.168.199.136	10.0.230.3	host_92	app_3	user_6	hash_621488494008800461	tbs_2	age, name, department	SELECT department, name FROM table_1 WHERE name LIKE 'C%'	bind_vars_example
conn_1993317914634433752	413	9	2024-11-14 20:53:59	INSERT	FAILURE	192.168.83.23	10.0.164.197	host_30	app_2	user_3	hash_2018456612183238006	tbs_4	N/A	INSERT INTO table_2 (id, name, age, salary) VALUES (33, 'John Doe', 30, 9019)	bind_vars_example
conn_5681739359768014503	543	1	2024-11-14 20:53:59	INSERT	SUCCESS	192.168.98.130	10.0.85.247	host_23	app_1	user_6	hash_7476498776843876258	tbs_2	N/A	INSERT INTO table_2 (id, name, age, salary) VALUES (50, 'John Doe', 28, 5050)	bind_vars_example
conn_777697141746760542	475	4	2024-11-14 20:53:59	DELETE	FAILURE	192.168.248.73	10.0.119.214	host_96	app_4	user_8	hash_7455746452300708631	tbs_2	N/A	DELETE FROM table_1 WHERE name LIKE 'A%' AND department = 'Sales' AND salary < 8424	bind_vars_example
conn_10563325328078525261	450	10	2024-11-14 20:53:59	SELECT	SUCCESS	192.168.18.21	10.0.180.78	host_58	app_4	user_6	hash_10811459128501708573	tbs_2	name, id	SELECT name, name, department, salary FROM table_2 WHERE age > 23	bind_vars_example
conn_10487386876623387979	529	1	2024-11-14 20:53:59	SELECT	SUCCESS	192.168.119.41	10.0.184.215	host_99	app_4	user_5	hash_1894463282762046548	tbs_1	age, name	SELECT id, id FROM table_1 WHERE department = 'HR' AND department = 'HR' AND age > 31	bind_vars_example
conn_4198234395678862137	567	2	2024-11-14 20:53:59	UPDATE	SUCCESS	192.168.91.220	10.0.145.164	host_66	app_2	user_9	hash_17102690642161207193	tbs_1	N/A	UPDATE table_4 SET salary = 4348 WHERE salary < 3328 AND department = 'Engineering' AND salary < 3328	bind_vars_example
conn_18102350774584294748	459	2	2024-11-14 20:53:59	SELECT	FAILURE	192.168.40.205	10.0.212.19	host_37	app_2	user_4	hash_259860453519276090	tbs_1	id	SELECT department, age, age, id FROM table_2 WHERE salary < 4884 AND salary < 4884 AND department = 'HR'	bind_vars_example
conn_11830791473728911488	101	10	2024-11-14 20:53:59	SELECT	FAILURE	192.168.214.155	10.0.17.154	host_28	app_3	user_1	hash_11759661858705109737	tbs_2	id, salary, id, name	SELECT age, age, age FROM table_2 WHERE salary < 5739	bind_vars_example
conn_11664137021442819997	940	5	2024-11-14 20:53:59	INSERT	FAILURE	192.168.220.218	10.0.129.111	host_48	app_4	user_7	hash_10250959315432724954	tbs_4	N/A	INSERT INTO table_2 (id, name, age, salary) VALUES (95, 'John Doe', 44, 7921)	bind_vars_example
conn_8539888305115032672	629	4	2024-11-14 20:53:59	SELECT	FAILURE	192.168.54.88	10.0.38.101	host_46	app_2	user_6	hash_2061104790985669975	tbs_4	age	SELECT department, id FROM table_1 WHERE department = 'HR' AND age > 37 AND department = 'HR'	bind_vars_example
conn_9776773987213252894	91	7	2024-11-14 20:53:59	SELECT	FAILURE	192.168.84.243	10.0.11.185	host_19	app_4	user_5	hash_10499308176625827775	tbs_2	age, id, department, department	SELECT salary, id FROM table_4 WHERE salary < 5852 AND salary < 5852	bind_vars_example
conn_1863939023999659014	613	7	2024-11-14 20:53:59	DELETE	FAILURE	192.168.7.182	10.0.161.8	host_36	app_3	user_6	hash_11765000843688278099	tbs_1	N/A	DELETE FROM table_3 WHERE salary < 6107 AND age > 48	bind_vars_example
conn_7595060141249419202	382	6	2024-11-14 20:53:59	INSERT	FAILURE	192.168.9.129	10.0.19.129	host_97	app_1	user_7	hash_15341815293208073045	tbs_2	N/A	INSERT INTO table_1 (id, name, age, salary) VALUES (3, 'John Doe', 43, 8273)	bind_vars_example
conn_484635286615668721	815	10	2024-11-14 20:53:59	INSERT	SUCCESS	192.168.16.170	10.0.154.211	host_70	app_1	user_8	hash_9337230192806890962	tbs_3	N/A	INSERT INTO table_3 (id, name, age, salary) VALUES (6, 'John Doe', 26, 5564)	bind_vars_example
conn_13435374065761894340	869	4	2024-11-14 20:53:59	INSERT	FAILURE	192.168.141.241	10.0.82.238	host_49	app_1	user_4	hash_2619685765352190898	tbs_1	N/A	INSERT INTO table_2 (id, name, age, salary) VALUES (32, 'John Doe', 21, 8408)	bind_vars_example
conn_6404522224761246387	726	7	2024-11-14 20:53:59	UPDATE	FAILURE	192.168.247.202	10.0.24.113	host_11	app_4	user_5	hash_3774295216781863153	tbs_4	N/A	UPDATE table_2 SET salary = 7425 WHERE department = 'Engineering' AND department = 'Engineering' AND age > 44	bind_vars_example
conn_201457021745978328	225	6	2024-11-14 20:53:59	DELETE	FAILURE	192.168.17.171	10.0.192.4	host_92	app_2	user_5	hash_1223721594448658954	tbs_4	N/A	DELETE FROM table_3 WHERE name LIKE 'C%' AND name LIKE 'C%'	bind_vars_example
conn_8887020521107944984	561	1	2024-11-14 20:53:59	UPDATE	FAILURE	192.168.19.171	10.0.26.123	host_28	app_1	user_1	hash_2969401411701405680	tbs_3	N/A	UPDATE table_2 SET salary = 3264 WHERE name LIKE 'C%' AND name LIKE 'C%' AND age > 49	bind_vars_example
conn_15944318135183041973	819	10	2024-11-14 20:53:59	SELECT	SUCCESS	192.168.85.139	10.0.123.4	host_79	app_2	user_3	hash_8984576775453064649	tbs_4	name, age, department	SELECT name FROM table_3 WHERE age > 33	bind_vars_example
conn_11042985152999296236	766	7	2024-11-14 20:53:59	UPDATE	SUCCESS	192.168.67.150	10.0.185.242	host_55	app_4	user_6	hash_13738466064002236046	tbs_3	N/A	UPDATE table_3 SET salary = 7192 WHERE age > 44 AND age > 44 AND age > 44	bind_vars_example
conn_13768244983778207529	707	5	2024-11-14 20:53:59	INSERT	FAILURE	192.168.129.48	10.0.193.38	host_22	app_4	user_5	hash_4828733212903077621	tbs_4	N/A	INSERT INTO table_3 (id, name, age, salary) VALUES (90, 'John Doe', 37, 3016)	bind_vars_example
conn_14009563642490305148	111	7	2024-11-14 20:53:59	DELETE	SUCCESS	192.168.18.143	10.0.157.11	host_24	app_4	user_3	hash_6353288999352303733	tbs_2	N/A	DELETE FROM table_1 WHERE age > 37 AND name LIKE 'A%' AND name LIKE 'A%'	bind_vars_example
conn_9315272233566330027	233	1	2024-11-14 20:53:59	DELETE	SUCCESS	192.168.113.144	10.0.29.115	host_12	app_3	user_2	hash_16705504432452308338	tbs_3	N/A	DELETE FROM table_3 WHERE salary < 9370 AND salary < 9370	bind_vars_example
conn_1829679125636061966	848	9	2024-11-14 20:53:59	UPDATE	FAILURE	192.168.99.60	10.0.44.144	host_24	app_4	user_9	hash_14724300909533077887	tbs_2	N/A	UPDATE table_2 SET salary = 7259 WHERE age > 43 AND salary < 9250	bind_vars_example
conn_9699650772738249443	60	9	2024-11-14 20:53:59	DELETE	FAILURE	192.168.111.199	10.0.198.119	host_19	app_2	user_3	hash_11656498919410828508	tbs_1	N/A	DELETE FROM table_3 WHERE name LIKE 'B%'	bind_vars_example
conn_6659071286336860171	855	3	2024-11-14 20:53:59	INSERT	FAILURE	192.168.70.49	10.0.212.129	host_26	app_1	user_5	hash_1625205035676400352	tbs_3	N/A	INSERT INTO table_3 (id, name, age, salary) VALUES (9, 'John Doe', 22, 7713)	bind_vars_example
conn_7915300594462562570	706	9	2024-11-14 20:53:59	INSERT	SUCCESS	192.168.34.245	10.0.81.177	host_89	app_1	user_5	hash_11707619234356667572	tbs_3	N/A	INSERT INTO table_1 (id, name, age, salary) VALUES (53, 'John Doe', 30, 9312)	bind_vars_example
conn_4039138223658441045	300	7	2024-11-14 20:53:59	DELETE	FAILURE	192.168.217.40	10.0.241.99	host_17	app_2	user_7	hash_13666885785328402904	tbs_3	N/A	DELETE FROM table_4 WHERE department = 'Sales'	bind_vars_example
conn_12945948085829122595	361	9	2024-11-14 20:53:59	SELECT	FAILURE	192.168.138.252	10.0.31.91	host_1	app_2	user_7	hash_6489814569479044030	tbs_1	name, department, salary, salary	SELECT age, age FROM table_1 WHERE age > 27 AND name LIKE 'B%'	bind_vars_example
conn_2962390781545218668	304	6	2024-11-14 20:53:59	DELETE	SUCCESS	192.168.219.237	10.0.95.48	host_17	app_4	user_4	hash_7932854118325380009	tbs_1	N/A	DELETE FROM table_2 WHERE age > 20	bind_vars_example
conn_7593973445071089426	427	5	2024-11-14 20:53:59	INSERT	FAILURE	192.168.205.116	10.0.183.142	host_21	app_4	user_9	hash_850799712644118318	tbs_1	N/A	INSERT INTO table_1 (id, name, age, salary) VALUES (32, 'John Doe', 39, 4579)	bind_vars_example
conn_6464271740125335665	509	3	2024-11-14 20:53:59	INSERT	FAILURE	192.168.26.32	10.0.210.12	host_78	app_2	user_6	hash_8061449754699710873	tbs_3	N/A	INSERT INTO table_4 (id, name, age, salary) VALUES (45, 'John Doe', 21, 6183)	bind_vars_example
conn_9948349712956601619	109	9	2024-11-14 20:53:59	SELECT	SUCCESS	192.168.204.27	10.0.170.219	host_19	app_1	user_9	hash_8347739167417637991	tbs_3	name, salary	SELECT name, id, department, department FROM table_3 WHERE age > 40 AND name LIKE 'C%' AND salary < 4610	bind_vars_example
conn_1682138096020185171	953	7	2024-11-14 20:53:59	UPDATE	SUCCESS	192.168.24.232	10.0.12.107	host_61	app_3	user_6	hash_447425345777713221	tbs_3	N/A	UPDATE table_4 SET salary = 4570 WHERE department = 'Engineering'	bind_vars_example
conn_15988784335473428431	688	8	2024-11-14 20:53:59	SELECT	FAILURE	192.168.126.26	10.0.11.210	host_16	app_3	user_6	hash_4510896319440699846	tbs_3	age, id	SELECT age, id, salary FROM table_3 WHERE salary < 3692	bind_vars_example
conn_17768703557828064305	369	6	2024-11-14 20:53:59	SELECT	FAILURE	192.168.250.10	10.0.221.114	host_47	app_2	user_9	hash_13022369520865845988	tbs_3	age, department, id	SELECT salary, name, salary FROM table_1 WHERE department = 'Engineering' AND department = 'Engineering' AND name LIKE 'C%'	bind_vars_example
conn_2673009695991098591	186	10	2024-11-14 20:53:59	DELETE	FAILURE	192.168.101.192	10.0.71.95	host_22	app_4	user_7	hash_8516747676911320041	tbs_4	N/A	DELETE FROM table_4 WHERE name LIKE 'A%' AND department = 'Engineering' AND salary < 9232	bind_vars_example
conn_15405788894517472219	781	6	2024-11-14 20:53:59	UPDATE	FAILURE	192.168.249.157	10.0.186.37	host_71	app_2	user_6	hash_9341597642150428494	tbs_1	N/A	UPDATE table_2 SET salary = 8531 WHERE salary < 5159 AND age > 49 AND age > 49	bind_vars_example
conn_15517699663587922947	520	8	2024-11-14 20:53:59	SELECT	FAILURE	192.168.4.2	10.0.29.230	host_36	app_2	user_6	hash_17969628750403021136	tbs_2	department, name, salary, salary	SELECT id FROM table_4 WHERE department = 'Sales' AND department = 'Sales' AND department = 'Sales'	bind_vars_example
conn_11375258294516829131	972	9	2024-11-14 20:53:59	DELETE	SUCCESS	192.168.8.74	10.0.237.197	host_32	app_3	user_8	hash_10828193534668235179	tbs_2	N/A	DELETE FROM table_4 WHERE salary < 7851 AND name LIKE 'C%'	bind_vars_example
conn_12699789369514674836	194	9	2024-11-14 20:53:59	INSERT	SUCCESS	192.168.158.158	10.0.244.14	host_40	app_1	user_7	hash_13006609535872400950	tbs_1	N/A	INSERT INTO table_2 (id, name, age, salary) VALUES (36, 'John Doe', 24, 9279)	bind_vars_example
conn_1958494271092730020	685	5	2024-11-14 20:53:59	UPDATE	SUCCESS	192.168.40.125	10.0.85.154	host_27	app_1	user_4	hash_4775529305902244001	tbs_2	N/A	UPDATE table_1 SET salary = 8685 WHERE department = 'Engineering' AND name LIKE 'C%'	bind_vars_example
conn_8568548887818298159	44	4	2024-11-14 20:53:59	UPDATE	FAILURE	192.168.168.78	10.0.198.25	host_41	app_3	user_4	hash_2222263962257087416	tbs_4	N/A	UPDATE table_3 SET salary = 4546 WHERE name LIKE 'B%' AND name LIKE 'B%'	bind_vars_example
conn_10837870293194354523	970	6	2024-11-14 20:53:59	DELETE	SUCCESS	192.168.41.93	10.0.128.33	host_81	app_4	user_7	hash_14506690205265761376	tbs_4	N/A	DELETE FROM table_2 WHERE salary < 7315 AND department = 'HR'	bind_vars_example
conn_16148298820146793624	430	4	2024-11-14 20:53:59	INSERT	SUCCESS	192.168.3.189	10.0.216.147	host_38	app_1	user_2	hash_2628327969272270936	tbs_4	N/A	INSERT INTO table_4 (id, name, age, salary) VALUES (25, 'John Doe', 22, 8632)	bind_vars_example
conn_1568964430634608457	472	3	2024-11-14 20:53:59	DELETE	SUCCESS	192.168.3.181	10.0.195.26	host_35	app_1	user_9	hash_12274203458164793367	tbs_4	N/A	DELETE FROM table_2 WHERE age > 26	bind_vars_example
conn_6390348341841178888	764	4	2024-11-14 20:53:59	DELETE	SUCCESS	192.168.219.123	10.0.111.137	host_89	app_4	user_1	hash_15192796320523578151	tbs_1	N/A	DELETE FROM table_4 WHERE name LIKE 'B%' AND department = 'Sales'	bind_vars_example
conn_18284040143364625896	891	2	2024-11-14 20:53:59	SELECT	FAILURE	192.168.173.38	10.0.252.215	host_59	app_4	user_3	hash_8521642066265506753	tbs_1	name	SELECT id, id, id, salary FROM table_1 WHERE name LIKE 'C%'	bind_vars_example
conn_7963966612547448497	701	3	2024-11-14 20:53:59	UPDATE	FAILURE	192.168.32.243	10.0.155.2	host_71	app_4	user_1	hash_1463543879231216217	tbs_2	N/A	UPDATE table_1 SET salary = 5324 WHERE salary < 7756 AND salary < 7756	bind_vars_example
